22nd St Caltrain,RWC Caltrain,TRAIN,6:09,6:44,Limited Stop #206
22nd St Caltrain,RWC Caltrain,TRAIN,6:19,7:06,Limited Stop #208
22nd St Caltrain,RWC Caltrain,TRAIN,6:39,7:11,Baby Bullet #310
22nd St Caltrain,RWC Caltrain,TRAIN,6:51,7:23,Limited Stop #212
22nd St Caltrain,RWC Caltrain,TRAIN,7:03,7:31,Baby Bullet #314
22nd St Caltrain,RWC Caltrain,TRAIN,7:19,8:06,Limited Stop #218
22nd St Caltrain,RWC Caltrain,TRAIN,7:39,8:11,Baby Bullet #320
22nd St Caltrain,RWC Caltrain,TRAIN,7:51,8:23,Limited Stop #222
22nd St Caltrain,RWC Caltrain,TRAIN,8:03,8:31,Baby Bullet #324
22nd St Caltrain,RWC Caltrain,TRAIN,8:19,9:06,Limited Stop #228
22nd St Caltrain,RWC Caltrain,TRAIN,8:39,9:11,Baby Bullet #330
22nd St Caltrain,RWC Caltrain,TRAIN,8:49,9:23,Limited Stop #232
22nd St Caltrain,RWC Caltrain,TRAIN,9:05,9:51,Local #134